1,Flex1.JPG,34,13,24,14,43,31,42,41,12,23,21,32,11,22,33,44
2,Flex2.JPG,14,12,13,24,41,21,31,42,23,34,32,43,11,22,33,44
3,Flex3.JPG,24,34,12,13,42,43,21,31,14,23,41,32,11,22,33,44
4,Flex4.JPG,23,24,13,14,32,42,31,41,12,34,21,43,11,22,33,44
5,Flex5.JPG,12,14,23,24,21,41,32,42,13,34,31,43,11,22,33,44
6,Flex6.JPG,14,23,24,13,41,32,42,31,12,34,21,43,11,22,33,44
7,Flex7.JPG,34,24,14,13,43,42,41,31,12,23,21,32,11,22,33,44
8,Flex8.JPG,23,34,13,12,32,43,31,21,14,24,41,42,11,22,33,44
9,Flex9.JPG,13,23,34,14,31,32,43,41,12,24,21,42,11,22,33,44
10,Flex10.JPG,14,12,23,34,41,21,32,43,24,13,42,31,11,22,33,44
11,Flex11.JPG,34,24,12,23,43,42,21,32,13,14,31,41,11,22,33,44
12,Flex12.JPG,13,34,24,12,31,43,42,21,14,23,41,32,11,22,33,44
13,Flex13.JPG,23,24,13,14,32,42,31,41,12,34,21,43,11,22,33,44
14,Flex14.JPG,14,23,24,13,41,32,42,31,12,34,21,43,11,22,33,44
15,Flex15.JPG,12,14,23,24,21,41,32,42,13,34,31,43,11,22,33,44
16,Flex16.JPG,34,24,12,13,43,42,21,31,14,23,41,32,11,22,33,44
17,Flex17.JPG,23,34,13,12,32,43,31,21,14,24,41,42,11,22,33,44
18,Flex18.JPG,13,23,34,14,31,32,43,41,12,24,21,42,11,22,33,44
19,Flex19.JPG,14,12,23,34,41,21,32,43,13,24,31,42,11,22,33,44
20,Flex20.JPG,34,24,12,23,43,42,21,32,13,14,31,41,11,22,33,44
21,Flex21.JPG,13,23,34,14,31,32,43,41,12,24,21,42,11,22,33,44
22,Flex22.JPG,14,12,23,34,41,21,32,43,24,13,42,31,11,22,33,44
23,Flex23.JPG,34,24,12,23,43,42,21,32,13,14,31,41,11,22,33,44
24,Flex24.JPG,13,34,24,12,31,43,42,21,14,23,41,32,11,22,33,44
25,Flex25.JPG,23,24,13,14,32,42,31,41,12,34,21,43,11,22,33,44
26,Flex26.JPG,14,23,24,13,41,32,42,31,12,34,21,43,11,22,33,44
27,Flex27.JPG,12,14,23,24,21,41,32,42,13,34,31,43,11,22,33,44
28,Flex28.JPG,34,24,12,13,43,42,21,31,14,23,41,32,11,22,33,44
29,Flex29.JPG,23,34,13,12,32,43,31,21,14,24,41,42,11,22,33,44
30,Flex30.JPG,13,23,34,14,31,32,43,41,12,24,21,42,11,22,33,44
31,Flex31.JPG,14,12,23,34,41,21,32,43,13,24,31,42,11,22,33,44
32,Flex32.JPG,34,24,12,23,43,42,21,32,13,14,31,41,11,22,33,44
33,Flex33.JPG,13,23,34,14,31,32,43,41,12,24,21,42,11,22,33,44